date,day_of_week,weight,body_fat_percent,exercise,calories,protein_g,fat_g,carb_g,sugar_g,fiber_g,salt_g,cal_target,protein_target,fat_target,carb_target,sugar_target,fiber_target,salt_target
2026/4/1,Wed,75.1,,,1322,80.7,66.8,99.5,87.6,11.9,6.1,1500,110,70,110,89,21,7.5
2026/4/2,Thu,74.3,23.8,,,,,,,,,1500,110,70,110,89,21,7.5
2026/4/3,Fri,75.5,24.9,,1259,93.0,57.7,92.1,65.9,26.2,2.4,1500,110,70,110,89,21,7.5
2026/4/4,Sat,75.9,23.5,g,1412,111.5,68.6,87.1,67.5,19.6,5.8,1500,110,70,110,89,21,7.5
2026/4/5,Sun,75.0,24.2,g,1467,49.5,93.7,106.4,89.2,17.2,5.7,1500,110,70,110,89,21,7.5
2026/4/6,Mon,75.2,23.4,,1824,97.5,80.0,178.3,160.1,18.3,7.0,1500,110,70,110,89,21,7.5
2026/4/7,Tue,75.1,24.4,,,,,,,,,1500,110,70,110,89,21,7.5
2026/4/8,Wed,75.1,23.3,,1211,103.6,53.6,78.6,69.6,8.9,4.3,1500,110,70,110,89,21,7.5
2026/4/9,Thu,74.9,23.7,,1059,71.1,48.6,84.2,69.3,14.9,7.5,1500,110,70,110,89,21,7.5
2026/4/10,Fri,74.6,,g,2013,111.6,116.0,130.5,110.2,20.4,8.1,1500,110,70,110,89,21,7.5
2026/4/11,Sat,75.1,23.7,,1389,65.1,72.7,118.6,100.1,18.5,7.9,1500,110,70,110,89,21,7.5
2026/4/12,Sun,74.7,,g,828,59.9,35.3,67.7,43.8,24.0,6.7,1500,110,70,110,89,21,7.5
2026/4/13,Mon,75.7,24.0,,1176,65.5,51.8,111.9,99.2,12.7,6.6,1500,110,70,110,89,21,7.5
2026/4/14,Tue,74.8,23.5,,,,,,,,,1500,110,70,110,89,21,7.5
2026/4/15,Wed,75.0,24.2,,,,,,,,,1500,110,70,110,89,21,7.5
2026/4/16,Thu,74.6,24.0,,1498,117.2,82.7,71.3,48.0,23.2,8.5,1500,110,70,110,89,21,7.5
2026/4/17,Fri,74.4,23.5,,2036,106.2,76.5,230.5,209.0,21.5,11.3,1500,110,70,110,89,21,7.5
2026/4/18,Sat,75.1,23.9,,,,,,,,,1500,110,70,110,89,21,7.5
2026/4/19,Sun,74.3,23.4,,1875,129.4,88.7,139.7,118.4,21.3,9.3,1500,110,70,110,89,21,7.5
2026/4/20,Mon,75.0,23.5,g,2160,100.4,122.2,164.7,140.6,24.1,5.3,1500,110,70,110,89,21,7.5
2026/4/21,Tue,74.7,23.4,,2253,113.1,81.2,267.5,255.9,11.6,13.1,1500,110,70,110,89,21,7.5
2026/4/22,Wed,74.4,23.9,,700,47.1,22.6,77.0,68.9,8.2,3.8,1500,110,70,110,89,21,7.5
2026/4/23,Thu,74.7,24.2,g,,,,,,,,1500,110,70,110,89,21,7.5
2026/4/24,Fri,74.4,24.0,,1758,131.1,97.1,90.0,76.1,13.9,7.5,1500,110,70,110,89,21,7.5
2026/4/25,Sat,,23.7,,,,,,,,,1500,110,70,110,89,21,7.5
2026/4/26,Sun,74.4,24.1,h,2013,112.5,64.6,245.5,224.3,21.3,11.7,1500,110,70,110,89,21,7.5
2026/4/27,Mon,,23.9,,700,58.2,19.5,73.0,57.8,15.2,6.6,1500,110,70,110,89,21,7.5
2026/4/28,Tue,74.6,23.6,,1723,116.3,96.7,96.7,77.6,19.1,10.4,1500,110,70,110,89,21,7.5
2026/4/29,Wed,74.8,23.6,,,,,,,,,1500,110,70,110,89,21,7.5
2026/4/30,Thu,74.1,24.2,gh,1203,75.6,59.1,92.2,76.0,16.2,5.8,1500,110,70,110,89,21,7.5
2026/5/1,Fri,74.6,23.6,,1420,117.6,38.7,150.4,134.3,16.1,4.1,1500,110,70,110,89,21,7.5
2026/5/2,Sat,74.6,23.3,,1168,107.6,85.2,20,5,16.6,9.0,1500,110,70,110,89,21,7.5
2026/5/3,Sun,74.4,24.1,,1699,121.9,118.7,35.6,19.2,16.4,1.5,1500,110,70,110,89,21,7.5
2026/5/4,Mon,75.0,23.3,,,,,,,,,1500,110,70,110,89,21,7.5
2026/5/5,Tue,75.0,24.4,,1776,140.2,98.9,81.2,70.4,10.7,10.7,1500,110,70,110,89,21,7.5
2026/5/6,Wed,74.6,,,1960,136.6,99.1,130.5,116.0,14.5,9.3,1500,110,70,110,89,21,7.5
2026/5/7,Thu,74.3,24.2,,1714,58.2,67.0,219.5,193.8,25.8,8.0,1500,110,70,110,89,21,7.5
2026/5/8,Fri,74.1,,,1497,91.8,66.0,134.1,112.8,21.4,5.7,1500,110,70,110,89,21,7.5
2026/5/9,Sat,74.6,23.7,gh,2879,126.4,114.8,335.1,308.7,26.3,2.6,1500,110,70,110,89,21,7.5
2026/5/10,Sun,,23.1,,,,,,,,,1500,110,70,110,89,21,7.5
2026/5/11,Mon,74.5,25.0,h,1263,130.6,64.2,40.8,22.2,18.6,10.9,1500,110,70,110,89,21,7.5
2026/5/12,Tue,,23.3,,1148,66.2,83.3,33.5,10.3,23.2,5.4,1500,110,70,110,89,21,7.5
2026/5/13,Wed,74.3,24.4,g,1248,106.8,66.0,56.8,39.5,17.4,6.3,1500,110,70,110,89,21,7.5
2026/5/14,Thu,74.8,,,1941,137.0,45.6,245.7,227.8,17.9,11.0,1500,110,70,110,89,21,7.5
2026/5/15,Fri,74.0,24.0,,,,,,,,,1500,110,70,110,89,21,7.5
2026/5/16,Sat,,23.7,g,1256,62.9,82.0,66.7,57.1,9.6,4.3,1500,110,70,110,89,21,7.5
2026/5/17,Sun,73.7,24.2,,2871,168.2,71.3,389.0,368.2,20.8,8.0,1500,110,70,110,89,21,7.5
2026/5/18,Mon,74.7,23.7,,1964,112.7,61.0,241.1,226.0,15.1,8.0,1500,110,70,110,89,21,7.5
2026/5/19,Tue,74.4,22.8,,2150,135.1,128.1,114.2,98.3,16.0,11.4,1500,110,70,110,89,21,7.5
2026/5/20,Wed,74.2,,,,,,,,,,1500,110,70,110,89,21,7.5
2026/5/21,Thu,74.3,23.5,,2087,132.7,108.9,144.0,129.5,14.5,4.0,1500,110,70,110,89,21,7.5
2026/5/22,Fri,73.7,23.4,,1713,94.3,62.9,192.5,170.1,22.5,9.8,1500,110,70,110,89,21,7.5
2026/5/23,Sat,73.9,,,1448,108.3,66.4,104.4,85.5,18.9,5.0,1500,110,70,110,89,21,7.5
2026/5/24,Sun,73.9,23.3,,1173,59.5,28.5,169.5,149.7,19.8,7.7,1500,110,70,110,89,21,7.5
2026/5/25,Mon,73.9,23.3,,2113,164.4,79.5,185.0,171.1,13.9,9.6,1500,110,70,110,89,21,7.5
2026/5/26,Tue,74.0,,,,,,,,,,1500,110,70,110,89,21,7.5
2026/5/27,Wed,74.0,23.8,,1249,92.9,82.0,34.8,18.0,16.7,6.0,1500,110,70,110,89,21,7.5
2026/5/28,Thu,74.1,,,1835,129.0,90.5,126.0,111.4,14.6,6.3,1500,110,70,110,89,21,7.5
2026/5/29,Fri,74.1,23.9,,2122,108.3,94.2,210.1,183.1,27.0,9.1,1500,110,70,110,89,21,7.5
2026/5/30,Sat,74.2,24.1,,1899,166.1,96.3,91.9,77.7,14.2,6.6,1500,110,70,110,89,21,7.5
2026/5/31,Sun,74.0,23.7,g,1678,130.0,96.5,72.4,48.0,24.4,6.8,1500,110,70,110,89,21,7.5
2026/6/1,Mon,73.8,23.4,,1607,51.3,76.7,177.9,170.6,7.3,8.6,1500,120,65,105,85,22,7.5
2026/6/2,Tue,73.9,23.2,,700,59.6,19.1,72.4,49.9,22.5,5.9,1500,120,65,105,85,22,7.5
2026/6/3,Wed,74.0,23.1,,1709,139.6,100.7,61.0,36.4,24.6,4.7,1500,120,65,105,85,22,7.5
2026/6/4,Thu,74.0,23.5,,,,,,,,,1500,120,65,105,85,22,7.5
2026/6/5,Fri,74.1,22.9,h,2048,133.0,87.0,183.4,161.2,22.2,6.1,1500,120,65,105,85,22,7.5
2026/6/6,Sat,73.9,23.7,,2690,173.6,79.1,321.1,300.0,21.1,4.4,1500,120,65,105,85,22,7.5
2026/6/7,Sun,73.6,,,1344,109.8,46.9,120.7,114.0,6.7,4.9,1500,120,65,105,85,22,7.5
2026/6/8,Mon,74.3,24.1,g,1637,95.9,77.7,138.3,124.9,13.4,5.7,1500,120,65,105,85,22,7.5
2026/6/9,Tue,,23.8,,,,,,,,,1500,120,65,105,85,22,7.5
2026/6/10,Wed,74.0,23.1,,1636,78.6,56.4,203.6,192.2,11.3,6.3,1500,120,65,105,85,22,7.5
2026/6/11,Thu,73.5,23.5,,994,67.0,61.5,43.2,24.7,18.4,4.7,1500,120,65,105,85,22,7.5
2026/6/12,Fri,74.1,23.8,,1460,96.8,90.8,63.9,51.3,12.6,6.5,1500,120,65,105,85,22,7.5
2026/6/13,Sat,74.4,,,1500,97.7,94.1,65.4,44.5,20.9,8.5,1500,120,65,105,85,22,7.5
2026/6/14,Sun,74.0,23.2,h,2015,110.8,99.3,169.6,156.2,13.4,8.7,1500,120,65,105,85,22,7.5
2026/6/15,Mon,73.5,23.2,,2111,119.7,94.5,195.2,189.7,5.4,11.9,1500,120,65,105,85,22,7.5
2026/6/16,Tue,74.2,,,1598,113.0,77.2,112.9,92.6,20.3,8.8,1500,120,65,105,85,22,7.5
2026/6/17,Wed,74.1,24.0,,1388,109.5,90.1,34.8,24.6,10.2,7.6,1500,120,65,105,85,22,7.5
2026/6/18,Thu,73.4,23.0,,,,,,,,,1500,120,65,105,85,22,7.5
2026/6/19,Fri,73.8,22.7,g,1812,139.5,85.6,121.1,106.6,14.5,11.3,1500,120,65,105,85,22,7.5
2026/6/20,Sat,73.5,23.4,g,,,,,,,,1500,120,65,105,85,22,7.5
2026/6/21,Sun,73.5,22.9,,,,,,,,,1500,120,65,105,85,22,7.5
2026/6/22,Mon,73.7,24.1,,2032,156.0,53.2,232.3,215.1,17.2,5.7,1500,120,65,105,85,22,7.5
2026/6/23,Tue,73.3,23.5,,,,,,,,,1500,120,65,105,85,22,7.5
2026/6/24,Wed,74.2,23.6,,2066,115.5,55.4,276.4,261.7,14.7,8.2,1500,120,65,105,85,22,7.5
2026/6/25,Thu,73.2,23.9,,1641,112.2,58.0,167.5,152.4,15.1,6.1,1500,120,65,105,85,22,7.5
2026/6/26,Fri,,,,700,52.0,30.0,55.5,45.1,10.4,6.0,1500,120,65,105,85,22,7.5
2026/6/27,Sat,73.7,22.7,,1421,76.4,70.6,119.9,103.2,16.7,9.7,1500,120,65,105,85,22,7.5
2026/6/28,Sun,73.3,22.7,,,,,,,,,1500,120,65,105,85,22,7.5
2026/6/29,Mon,73.9,22.7,g,2030,109.5,81.9,213.6,201.2,12.4,8.4,1500,120,65,105,85,22,7.5
2026/6/30,Tue,73.4,23.3,g,1451,95.2,48.8,157.8,150.1,7.7,4.4,1500,120,65,105,85,22,7.5
2026/7/1,Wed,73.8,23.0,,1641,102.6,71.2,147.4,129.0,18.4,4.8,1500,120,65,105,85,22,7.5
2026/7/2,Thu,73.6,23.7,,,,,,,,,1500,120,65,105,85,22,7.5
2026/7/3,Fri,73.8,,,700,54.4,34.4,43.1,33.0,10.0,4.8,1500,120,65,105,85,22,7.5
2026/7/4,Sat,72.9,22.9,,,,,,,,,1500,120,65,105,85,22,7.5
2026/7/5,Sun,73.1,22.4,,1685,118.5,54.7,179.6,163.6,16.1,3.4,1500,120,65,105,85,22,7.5
2026/7/6,Mon,73.8,,,1393,88.4,74.8,91.6,79.0,12.6,7.3,1500,120,65,105,85,22,7.5
2026/7/7,Tue,74.1,23.6,,1619,81.0,49.6,212.2,195.6,16.6,6.7,1500,120,65,105,85,22,7.5
2026/7/8,Wed,74.1,22.3,,1580,102.2,50.1,180.1,163.3,16.9,9.3,1500,120,65,105,85,22,7.5
2026/7/9,Thu,73.5,22.9,,1722,127.0,104.7,67.8,50.5,17.3,8.7,1500,120,65,105,85,22,7.5
2026/7/10,Fri,73.1,24.2,g,,,,,,,,1500,120,65,105,85,22,7.5
2026/7/11,Sat,73.4,23.9,,1695,130.8,104.1,58.6,34.9,23.6,9.2,1500,120,65,105,85,22,7.5
2026/7/12,Sun,73.1,24.0,g,906,50.8,37.7,90.8,69.8,21.0,5.1,1500,120,65,105,85,22,7.5
2026/7/13,Mon,73.9,22.8,,,,,,,,,1500,120,65,105,85,22,7.5
2026/7/14,Tue,73.8,23.4,,1271,93.3,63.0,82.8,67.9,14.9,6.6,1500,120,65,105,85,22,7.5
2026/7/15,Wed,73.4,22.5,,1772,116.4,95.3,112.3,97.1,15.2,5.6,1500,120,65,105,85,22,7.5
2026/7/16,Thu,73.8,22.6,,1434,99.9,74.1,91.8,74.7,17.1,8.9,1500,120,65,105,85,22,7.5
2026/7/17,Fri,73.5,,,1777,119.9,53.9,203.1,182.9,20.2,6.0,1500,120,65,105,85,22,7.5
2026/7/18,Sat,73.3,23.1,,,,,,,,,1500,120,65,105,85,22,7.5
2026/7/19,Sun,73.3,,,855,71.2,27.4,80.8,68.7,12.1,6.6,1500,120,65,105,85,22,7.5
2026/7/20,Mon,73.2,22.9,,1949,95.5,44.4,291.7,277.2,14.6,4.2,1500,120,65,105,85,22,7.5
2026/7/21,Tue,73.3,23.0,g,2151,131.3,78.0,231.0,203.0,28.1,9.1,1500,120,65,105,85,22,7.5
2026/7/22,Wed,73.2,23.7,,1557,80.7,77.9,133.3,115.3,18.1,9.3,1500,120,65,105,85,22,7.5
2026/7/23,Thu,73.3,23.1,,1120,66.6,45.4,111.2,94.4,16.8,8.8,1500,120,65,105,85,22,7.5
2026/7/24,Fri,73.2,23.2,,1609,81.2,61.7,182.4,179.4,3,5.0,1500,120,65,105,85,22,7.5
2026/7/25,Sat,73.3,23.2,,,,,,,,,1500,120,65,105,85,22,7.5
2026/7/26,Sun,73.0,23.1,,1789,97.8,62.7,208.4,189.0,19.3,10.2,1500,120,65,105,85,22,7.5
2026/7/27,Mon,73.4,22.8,,2052,127.3,117.4,121.7,106.2,15.6,11.4,1500,120,65,105,85,22,7.5
2026/7/28,Tue,73.0,23.1,,1045,112.8,40.0,58.5,49.4,9.0,4.1,1500,120,65,105,85,22,7.5
2026/7/29,Wed,73.5,23.1,,2134,102.1,99.4,207.7,194.4,13.3,5.1,1500,120,65,105,85,22,7.5
2026/7/30,Thu,73.5,22.8,,1705,62.7,38.3,277.4,256.8,20.6,5.9,1500,120,65,105,85,22,7.5
2026/7/31,Fri,73.2,22.6,,2064,122.7,127.2,107.1,85.4,21.7,9.6,1500,120,65,105,85,22,7.5
2026/8/1,Sat,,24.0,g,,,,,,,,1500,120,65,105,85,22,7.5
2026/8/2,Sun,73.3,23.1,,,,,,,,,1500,120,65,105,85,22,7.5
2026/8/3,Mon,73.1,22.3,,1529,121.0,69.3,105.2,90.6,14.6,8.0,1500,120,65,105,85,22,7.5
2026/8/4,Tue,72.9,23.5,,1293,98.3,51.3,109.4,100.2,9.2,6.4,1500,120,65,105,85,22,7.5
2026/8/5,Wed,72.6,22.8,h,1662,103.2,85.3,120.3,117.3,3,6.3,1500,120,65,105,85,22,7.5
2026/8/6,Thu,73.2,22.2,,1965,94.3,72.8,233.0,222.3,10.7,12.0,1500,120,65,105,85,22,7.5
2026/8/7,Fri,73.3,22.1,,1848,99.5,77.8,187.4,168.2,19.2,10.5,1500,120,65,105,85,22,7.5
2026/8/8,Sat,73.0,22.4,,1631,137.0,69.1,115.2,102.3,12.9,6.0,1500,120,65,105,85,22,7.5
2026/8/9,Sun,73.8,22.3,,1218,94.8,47.1,103.7,92.4,11.3,6.4,1500,120,65,105,85,22,7.5
2026/8/10,Mon,73.4,22.3,h,,,,,,,,1500,120,65,105,85,22,7.5
2026/8/11,Tue,72.9,23.1,,,,,,,,,1500,120,65,105,85,22,7.5
2026/8/12,Wed,72.9,23.3,,,,,,,,,1500,120,65,105,85,22,7.5
2026/8/13,Thu,73.1,22.7,,,,,,,,,1500,120,65,105,85,22,7.5
2026/8/14,Fri,73.2,,g,,,,,,,,1500,120,65,105,85,22,7.5
2026/8/15,Sat,72.3,22.6,,,,,,,,,1500,120,65,105,85,22,7.5
2026/8/16,Sun,72.7,23.0,g,,,,,,,,1500,120,65,105,85,22,7.5
2026/8/17,Mon,73.0,23.0,,1673,143.7,66.7,124.4,116.1,8.3,2.8,1500,120,65,105,85,22,7.5
2026/8/18,Tue,,22.5,,,,,,,,,1500,120,65,105,85,22,7.5
2026/8/19,Wed,73.2,22.1,,905,74.4,51.5,36.0,20.6,15.4,7.1,1500,120,65,105,85,22,7.5
2026/8/20,Thu,72.4,22.1,,1828,70.1,82.5,201.5,182.9,18.6,9.8,1500,120,65,105,85,22,7.5
2026/8/21,Fri,73.2,22.3,,1903,100.2,96.6,158.3,140.3,18.0,11.7,1500,120,65,105,85,22,7.5
2026/8/22,Sat,72.7,23.1,,1189,107.5,57.2,61.2,38.9,22.3,6.2,1500,120,65,105,85,22,7.5
2026/8/23,Sun,73.3,22.7,,1578,69.0,54.1,203.8,183.7,20.1,4.7,1500,120,65,105,85,22,7.5
2026/8/24,Mon,72.2,22.5,,1632,94.2,54.3,191.4,170.2,21.2,8.4,1500,120,65,105,85,22,7.5
2026/8/25,Tue,72.6,23.3,g,,,,,,,,1500,120,65,105,85,22,7.5
2026/8/26,Wed,72.6,22.7,,1471,124.4,74.4,75.9,57.8,18.2,7.7,1500,120,65,105,85,22,7.5
2026/8/27,Thu,72.9,22.7,,,,,,,,,1500,120,65,105,85,22,7.5
2026/8/28,Fri,72.6,22.6,,1583,121.8,77.2,100.2,87.0,13.3,8.6,1500,120,65,105,85,22,7.5
2026/8/29,Sat,72.2,22.3,,1576,133.2,68.9,105.7,89.5,16.2,5.1,1500,120,65,105,85,22,7.5
2026/8/30,Sun,72.9,23.1,h,2804,158.3,122.9,266.1,243.3,22.8,11.2,1500,120,65,105,85,22,7.5
2026/8/31,Mon,72.8,23.1,,,,,,,,,1500,120,65,105,85,22,7.5
2026/9/1,Tue,72.6,23.0,,700,53.3,22.3,71.4,55.7,15.7,3.3,1500,120,65,105,85,22,7.5
2026/9/2,Wed,72.1,22.8,,1425,99.6,76.8,83.9,55.2,28.7,7.8,1500,120,65,105,85,22,7.5
2026/9/3,Thu,72.8,22.7,h,1370,107.9,48.3,125.8,111.4,14.4,7.1,1500,120,65,105,85,22,7.5
2026/9/4,Fri,72.6,22.6,h,1297,66.6,64.9,111.8,94.1,17.6,6.5,1500,120,65,105,85,22,7.5
2026/9/5,Sat,72.1,22.7,,1809,139.4,65.1,166.4,148.1,18.3,8.5,1500,120,65,105,85,22,7.5
2026/9/6,Sun,72.6,21.8,,1595,74.3,63.1,182.4,161.5,21.0,9.8,1500,120,65,105,85,22,7.5
2026/9/7,Mon,72.7,22.7,g,1625,135.1,95.5,56.1,45.8,10.3,7.7,1500,120,65,105,85,22,7.5
2026/9/8,Tue,72.7,23.0,g,1905,97.5,96.7,161.2,147.1,14.1,8.0,1500,120,65,105,85,22,7.5
2026/9/9,Wed,72.2,22.9,g,1346,80.6,67.7,103.6,82.1,21.4,7.4,1500,120,65,105,85,22,7.5
2026/9/10,Thu,72.4,22.7,,,,,,,,,1500,120,65,105,85,22,7.5
2026/9/11,Fri,72.8,22.7,,1817,128.7,104.9,89.7,76.5,13.1,7.5,1500,120,65,105,85,22,7.5
2026/9/12,Sat,72.8,22.1,,,,,,,,,1500,120,65,105,85,22,7.5
2026/9/13,Sun,72.4,22.8,h,1360,135.5,71.0,44.6,27.7,16.9,9.4,1500,120,65,105,85,22,7.5
2026/9/14,Mon,72.3,22.6,,1759,110.3,94.0,118.0,104.7,13.3,4.3,1500,120,65,105,85,22,7.5
2026/9/15,Tue,72.4,22.1,,1540,129.8,54.1,133.6,120.5,13.0,7.0,1500,120,65,105,85,22,7.5
2026/9/16,Wed,72.9,21.6,,1648,101.0,46.1,207.3,191.3,16.0,7.8,1500,120,65,105,85,22,7.5
2026/9/17,Thu,71.4,23.1,,2092,127.6,105.7,157.5,147.9,9.6,7.6,1500,120,65,105,85,22,7.5
2026/9/18,Fri,71.9,23.6,,1330,66.4,53.3,146.0,124.1,21.9,8.1,1500,120,65,105,85,22,7.5
2026/9/19,Sat,72.4,22.6,,1064,81.0,34.9,106.5,95.3,11.1,6.0,1500,120,65,105,85,22,7.5
2026/9/20,Sun,72.1,22.7,,1766,115.9,105.4,88.4,65.2,23.2,11.8,1500,120,65,105,85,22,7.5
2026/9/21,Mon,72.3,,,,,,,,,,1500,120,65,105,85,22,7.5
2026/9/22,Tue,,22.1,,,,,,,,,1500,120,65,105,85,22,7.5
2026/9/23,Wed,71.9,22.6,,,,,,,,,1500,120,65,105,85,22,7.5
2026/9/24,Thu,72.4,22.8,,,,,,,,,1500,120,65,105,85,22,7.5
2026/9/25,Fri,72.1,22.6,h,,,,,,,,1500,120,65,105,85,22,7.5
2026/9/26,Sat,72.1,,,,,,,,,,1500,120,65,105,85,22,7.5
2026/9/27,Sun,72.2,23.2,g,,,,,,,,1500,120,65,105,85,22,7.5
2026/9/28,Mon,72.1,23.1,,,,,,,,,1500,120,65,105,85,22,7.5
2026/9/29,Tue,71.6,22.6,,,,,,,,,1500,120,65,105,85,22,7.5
2026/9/30,Wed,72.0,22.9,,,,,,,,,1500,120,65,105,85,22,7.5
